data,preco_BOVA11,preco_DIVO11
2020-01-02,114.24,70.12
2020-01-03,113.80,69.70
2020-01-06,112.59,69.25
2020-01-07,112.24,69.18
2020-01-08,111.95,68.85
2020-01-09,111.66,68.30
2020-01-10,111.28,68.90
2020-01-13,113.08,69.48
2020-01-14,113.32,70.50
2020-01-15,112.18,69.87
2020-01-16,112.35,70.10
2020-01-17,114.10,70.39
2020-01-20,114.41,71.00
2020-01-21,112.65,70.31
2020-01-22,114.10,71.10
2020-01-23,115.21,71.50
2020-01-24,114.00,70.95
2020-01-27,110.29,69.15
2020-01-28,112.30,70.15
2020-01-29,110.88,69.64
2020-01-30,111.19,69.50
2020-01-31,108.90,68.00
2020-02-03,110.42,68.90
2020-02-04,111.21,69.15
2020-02-05,111.77,69.72
2020-02-06,110.95,68.94
2020-02-07,109.35,68.20
2020-02-10,108.79,67.40
2020-02-11,111.30,68.75
2020-02-12,112.45,69.50
2020-02-13,110.90,68.70
2020-02-14,110.08,69.09
2020-02-17,110.80,68.93
2020-02-18,111.14,68.50
2020-02-19,112.08,69.43
2020-02-20,110.20,69.03
2020-02-21,109.45,69.10
2020-02-26,101.90,65.00
2020-02-27,99.20,63.10
2020-02-28,100.60,63.60
2020-03-02,102.99,65.50
2020-03-03,101.75,66.00
2020-03-04,103.10,67.40
2020-03-05,98.79,64.75
2020-03-06,94.40,63.00
2020-03-09,82.70,58.00
2020-03-10,88.63,59.80
2020-03-11,82.06,57.80
2020-03-12,70.10,50.33
2020-03-13,79.49,55.00
2020-03-16,68.40,49.25
2020-03-17,71.00,50.95
2020-03-18,65.01,46.70
2020-03-19,65.00,46.65
2020-03-20,64.77,45.16
2020-03-23,61.14,42.83
2020-03-24,67.40,44.50
2020-03-25,71.73,47.32
2020-03-26,74.57,50.25
2020-03-27,70.22,48.50
2020-03-30,71.97,48.50
2020-03-31,69.35,47.38
2020-04-01,68.18,46.20
2020-04-02,69.63,45.90
2020-04-03,66.90,44.60
2020-04-06,71.57,46.95
2020-04-07,73.51,48.50
2020-04-08,75.73,48.80
2020-04-09,74.87,49.50
2020-04-13,75.96,49.32
2020-04-14,76.85,50.80
2020-04-15,76.05,50.60
2020-04-16,74.93,50.00
2020-04-17,76.00,49.50
2020-04-20,75.66,49.80
2020-04-22,77.70,50.64
2020-04-23,76.65,50.05
2020-04-24,72.41,47.60
2020-04-27,75.29,48.45
2020-04-28,78.30,49.90
2020-04-29,80.18,51.20
2020-04-30,77.21,49.85
2020-05-04,76.10,48.04
2020-05-05,76.54,48.50
2020-05-06,76.20,48.00
2020-05-07,75.40,46.76
2020-05-08,77.43,47.00
2020-05-11,76.14,47.20
2020-05-12,75.00,46.00
2020-05-13,75.15,45.55
2020-05-14,76.25,47.00
2020-05-15,74.56,46.30
2020-05-18,78.03,48.49
2020-05-19,77.65,47.48
2020-05-20,78.45,48.13
2020-05-21,79.97,49.01
2020-05-22,79.94,49.00
2020-05-25,82.60,50.52
2020-05-26,82.45,51.50
2020-05-27,84.68,51.99
2020-05-28,83.65,51.70
2020-05-29,84.15,52.34
2020-06-01,85.33,52.90
2020-06-02,87.78,54.00
2020-06-03,89.37,56.10
2020-06-04,90.31,55.80
2020-06-05,91.05,56.22
2020-06-08,93.95,58.43
2020-06-09,92.95,57.90
2020-06-10,91.17,56.30
2020-06-12,89.25,55.50
2020-06-15,89.07,55.50
2020-06-16,90.00,55.90
2020-06-17,91.95,57.50
2020-06-18,92.63,57.70
2020-06-19,92.64,58.30
2020-06-22,91.75,59.00
2020-06-23,92.26,58.20
2020-06-24,90.77,57.39
2020-06-25,92.39,57.50
2020-06-26,90.22,56.50
2020-06-29,92.30,57.34
2020-06-30,91.62,56.80
2020-07-01,92.68,57.84
2020-07-02,92.50,57.85
2020-07-03,93.19,58.00
2020-07-06,95.31,59.45
2020-07-07,94.10,58.60
2020-07-08,96.10,59.48
2020-07-09,95.41,59.00
2020-07-10,96.34,59.60
2020-07-13,95.05,58.75
2020-07-14,96.60,58.75
2020-07-15,98.03,59.31
2020-07-16,96.82,59.45
2020-07-17,99.13,60.03
2020-07-20,100.50,61.24
2020-07-21,100.29,60.45
2020-07-22,100.38,60.60
2020-07-23,98.40,59.71
2020-07-24,98.59,59.61
2020-07-27,100.46,60.28
2020-07-28,100.05,60.05
2020-07-29,101.48,60.26
2020-07-30,101.31,60.80
2020-07-31,99.29,60.20
2020-08-03,99.20,60.00
2020-08-04,97.60,59.00
2020-08-05,98.99,59.10
2020-08-06,100.17,60.76
2020-08-07,98.83,60.02
2020-08-10,99.54,59.74
2020-08-11,98.20,59.70
2020-08-12,98.33,59.00
2020-08-13,96.51,58.01
2020-08-14,97.47,58.55
2020-08-17,95.83,57.40
2020-08-18,98.25,58.12
2020-08-19,97.00,57.95
2020-08-20,97.67,57.68
2020-08-21,97.60,58.68
2020-08-24,98.50,58.58
2020-08-25,98.35,58.65
2020-08-26,96.63,57.80
2020-08-27,96.87,57.60
2020-08-28,98.30,58.53
2020-08-31,95.70,57.70
2020-09-01,98.35,58.30
2020-09-02,98.15,58.77
2020-09-03,96.96,58.50
2020-09-04,97.42,58.64
2020-09-08,96.80,58.48
2020-09-09,97.50,59.35
2020-09-10,95.04,57.65
2020-09-11,94.48,56.50
2020-09-14,96.51,57.55
2020-09-15,96.46,57.70
2020-09-16,95.91,57.25
2020-09-17,96.37,57.59
2020-09-18,94.64,56.00
2020-09-21,93.40,56.15
2020-09-22,93.67,56.16
2020-09-23,92.17,55.18
2020-09-24,93.30,55.90
2020-09-25,93.50,55.67
2020-09-28,91.20,54.67
2020-09-29,89.92,54.04
2020-09-30,91.05,54.90
2020-10-01,91.91,55.02
2020-10-02,90.11,54.65
2020-10-05,92.64,55.11
2020-10-06,92.03,55.01
2020-10-07,91.95,54.86
2020-10-08,94.27,56.00
2020-10-09,93.65,56.21
2020-10-13,94.80,56.46
2020-10-14,95.59,56.82
2020-10-15,95.34,57.23
2020-10-16,94.54,56.71
2020-10-19,95.00,56.70
2020-10-20,96.67,57.70
2020-10-21,96.65,58.00
2020-10-22,98.06,58.92
2020-10-23,97.44,58.42
2020-10-26,97.23,58.56
2020-10-27,95.68,58.09
2020-10-28,91.56,55.75
2020-10-29,92.80,56.16
2020-10-30,90.66,54.90
2020-11-03,92.26,55.95
2020-11-04,94.16,56.84
2020-11-05,96.95,58.62
2020-11-06,97.19,59.49
2020-11-09,99.50,60.65
2020-11-10,101.00,61.50
2020-11-11,100.89,60.88
2020-11-12,98.70,59.63
2020-11-13,100.83,60.95
2020-11-16,102.51,62.25
2020-11-17,103.10,62.65
2020-11-18,101.92,62.05
2020-11-19,102.73,62.20
2020-11-20,102.03,61.70
2020-11-23,103.28,62.35
2020-11-24,105.72,63.42
2020-11-25,105.83,63.31
2020-11-26,106.02,63.45
2020-11-27,106.44,63.80
2020-11-30,105.00,63.00
2020-12-01,107.05,64.30
2020-12-02,107.75,64.52
2020-12-03,108.15,65.00
2020-12-04,109.43,65.35
2020-12-07,109.31,65.30
2020-12-08,109.44,65.55
2020-12-09,108.77,65.17
2020-12-10,110.70,66.67
2020-12-11,110.79,67.48
2020-12-14,110.20,67.13
2020-12-15,111.76,67.70
2020-12-16,113.35,67.72
2020-12-17,113.99,68.00
2020-12-18,113.50,68.00
2020-12-21,111.43,66.94
2020-12-22,112.25,67.03
2020-12-23,113.14,68.00
2020-12-28,114.70,68.74
2020-12-29,114.97,69.12
2020-12-30,114.65,68.72
2021-01-14,118.68,70.27
2021-01-29,110.56,65.10
2021-02-12,115.05,66.70
2021-01-04,114.09,68.50
2021-01-15,115.78,69.50
2021-02-01,113.06,66.09
2021-02-17,115.86,66.10
2021-01-05,114.69,67.55
2021-01-18,116.54,68.61
2021-02-18,114.61,65.80
2021-01-06,114.55,67.80
2021-02-02,113.85,66.66
2021-01-19,116.00,67.85
2021-02-03,115.25,67.13
2021-01-07,118.37,68.80
2021-02-19,113.82,65.57
2021-01-20,115.24,67.23
2021-02-04,114.62,66.87
2021-01-08,120.40,70.12
2021-02-22,108.25,63.50
2021-01-21,113.81,66.71
2021-02-05,115.82,67.11
2021-01-22,113.18,65.80
2021-01-11,118.62,69.00
2021-02-23,110.76,64.55
2021-02-08,115.18,67.30
2021-02-24,111.46,64.67
2021-01-12,119.45,69.66
2021-01-26,112.08,65.38
2021-02-09,114.91,66.90
2021-02-25,107.53,62.90
2021-01-13,117.36,69.46
2021-01-27,110.96,65.55
2021-02-10,113.92,66.91
2021-03-01,105.94,61.18
2021-02-26,105.59,61.80
2021-01-28,114.51,67.17
2021-03-02,107.50,61.90
2021-02-11,114.90,66.61
2021-04-09,113.01,66.74
2021-03-15,110.66,64.24
2021-03-26,110.28,65.27
2021-03-03,107.16,61.90
2021-04-12,114.40,67.27
2021-03-29,110.96,65.50
2021-03-16,109.69,64.00
2021-03-04,108.57,62.90
2021-04-13,114.67,67.30
2021-03-30,112.43,66.87
2021-03-17,112.05,65.70
2021-03-05,110.93,64.25
2021-03-31,112.02,66.35
2021-04-14,115.60,67.85
2021-03-18,110.50,65.21
2021-03-08,105.35,61.99
2021-04-01,110.68,65.98
2021-03-19,111.70,65.61
2021-04-15,116.20,68.50
2021-03-09,107.19,61.41
2021-04-16,116.46,68.57
2021-04-05,113.21,66.70
2021-03-22,110.69,65.58
2021-03-10,108.63,62.11
2021-03-23,109.02,64.60
2021-04-19,116.34,68.67
2021-04-06,113.27,66.90
2021-03-11,110.45,63.55
2021-04-07,113.18,66.85
2021-03-24,107.87,64.39
2021-04-20,115.48,68.75
2021-03-12,109.68,63.87
2021-04-08,113.75,66.74
2021-03-25,109.38,64.60
2021-04-22,114.95,68.50
2021-04-26,115.95,69.25
2021-04-23,115.97,69.08
2021-04-27,114.78,68.18
2021-05-07,117.46,69.00
2021-05-20,117.91,70.26
2021-06-02,124.67,73.74
2021-05-10,117.14,68.79
2021-05-21,118.01,70.14
2021-04-28,116.40,68.80
2021-06-04,125.05,74.17
2021-05-24,119.26,70.11
2021-05-11,118.13,69.16
2021-05-25,118.40,70.07
2021-05-12,115.27,68.06
2021-06-07,125.75,74.41
2021-05-26,119.24,70.48
2021-05-13,116.04,68.43
2021-06-08,124.71,73.85
2021-04-29,115.32,68.80
2021-05-14,117.24,69.03
2021-05-27,119.59,70.71
2021-06-09,124.88,73.67
2021-04-30,114.40,68.27
2021-05-28,120.72,71.06
2021-06-10,125.00,73.81
2021-05-17,118.31,70.00
2021-05-31,121.25,71.51
2021-06-11,124.48,73.99
2021-05-03,114.68,67.70
2021-05-18,118.19,70.50
2021-06-01,123.33,73.24
2021-06-14,125.15,73.62
2021-05-19,118.01,70.18
2021-05-04,113.27,67.01
2021-06-15,125.18,73.54
2021-05-05,115.15,68.11
2021-06-16,124.22,72.80
2021-05-06,115.43,67.94
2021-06-17,123.09,72.58
2021-06-18,123.27,72.47
2021-06-21,124.23,72.76
2021-06-22,123.82,72.36
2021-06-23,123.54,71.89
2021-06-24,124.53,72.06
2021-06-25,122.50,70.90
2021-06-28,122.45,70.75
2021-06-29,122.31,70.40
2021-06-30,121.81,70.32
2021-07-01,120.73,70.01
2021-07-02,122.78,70.75
2021-07-05,121.97,71.25
2021-07-06,120.30,70.02
2021-07-07,122.28,70.49
2021-07-08,120.66,69.64
2021-07-12,122.78,70.85
2021-07-13,123.32,70.77
2021-07-14,123.47,71.10
2021-07-15,122.80,70.69
2021-07-16,121.15,70.14
2021-07-19,119.74,69.48
2021-07-20,120.60,69.93
2021-07-21,121.12,70.28
2021-07-22,121.43,70.22
2021-07-23,120.20,69.58
2021-07-26,121.20,69.72
2021-07-27,119.76,69.47
2021-07-28,121.45,70.18
2021-07-29,120.73,70.09
2021-07-30,117.11,68.80
2021-08-02,117.60,69.64
2021-08-03,118.73,70.08
2021-08-04,116.96,69.02
2021-08-05,116.93,68.31
2021-08-06,118.24,69.00
2021-08-09,118.14,69.88
2021-08-10,117.57,68.70
2021-08-11,117.26,68.66
2021-08-12,115.87,67.80
2021-08-13,116.56,67.95
2021-08-16,114.63,67.21
2021-08-17,113.35,66.55
2021-08-18,112.06,66.70
2021-08-19,112.85,66.72
2021-08-20,113.65,67.55
2021-08-23,113.05,67.10
2021-08-24,115.63,68.80
2021-08-25,116.14,69.18
2021-08-26,114.07,67.87
2021-08-27,116.18,68.89
2021-08-30,115.08,68.55
2021-08-31,114.08,68.24
2021-09-01,114.80,69.37
2021-09-02,112.15,67.43
2021-09-03,112.09,67.13
2021-09-06,113.48,67.48
2021-09-08,109.08,64.70
2021-09-09,111.51,66.32
2021-09-10,109.88,65.90
2021-09-13,112.12,66.95
2021-09-14,111.70,67.02
2021-09-15,110.68,66.89
2021-09-16,109.44,66.26
2021-09-17,107.14,65.40
2021-09-20,104.77,64.44
2021-09-21,105.77,65.00
2021-09-22,107.99,65.87
2021-09-23,109.60,66.70
2021-09-24,109.03,66.41
2021-09-27,108.89,66.92
2021-09-28,105.83,65.34
2021-09-29,106.83,65.68
2021-09-30,106.49,65.72
2021-10-01,108.49,66.74
2021-10-04,106.18,65.20
2021-10-05,106.12,65.25
2021-10-06,106.37,64.95
2021-10-07,106.42,64.75
2021-10-08,108.39,66.35
2021-10-11,107.75,66.40
2021-10-13,109.24,67.22
2021-10-14,108.97,67.20
2021-10-15,110.22,68.04
2021-10-18,109.95,68.40
2021-10-19,106.80,66.35
2021-10-20,106.40,66.70
2021-10-21,103.65,64.85
2021-10-22,102.33,63.65
2021-10-25,104.55,65.15
2021-10-26,102.25,64.50
2021-10-27,102.40,64.50
2021-10-28,100.61,63.65
2021-10-29,99.68,62.27
2021-11-01,101.52,64.10
2021-11-03,102.00,64.70
2021-11-04,99.65,63.15
2021-11-05,100.81,63.90
2021-11-08,100.83,63.70
2021-11-09,101.39,64.25
2021-11-10,102.02,65.20
2021-11-11,103.55,65.70
2021-11-12,102.13,65.30
2021-11-16,100.36,64.44
2021-11-17,99.25,63.26
2021-11-18,98.65,63.15
2021-11-19,99.27,63.67
2021-11-22,98.24,63.00
2021-11-23,100.00,62.04
2021-11-24,100.66,63.91
2021-11-25,101.99,65.00
2021-11-26,98.39,63.50
2021-11-29,99.01,63.46
2021-11-30,98.35,63.45
2021-12-01,97.09,62.43
2021-12-02,100.43,64.60
2021-12-03,101.32,65.70
2021-12-06,103.00,65.85
2021-12-07,103.63,65.58
2021-12-08,104.20,66.39
2021-12-09,102.14,64.90
2021-12-10,103.73,65.60
2021-12-13,103.50,65.50
2021-12-14,102.70,65.05
2021-12-15,103.20,64.35
2021-12-16,104.41,65.40
2021-12-17,103.10,64.90
2021-12-20,101.00,63.80
2021-12-21,101.42,63.70
2021-12-22,101.43,63.80
2021-12-23,100.85,64.05
2021-12-27,101.60,64.60
2021-12-28,101.06,64.36
2021-12-29,100.25,63.88
2021-12-30,100.80,64.25
2022-02-18,108.51,68.90
2022-01-18,102.85,64.53
2022-02-03,107.77,69.00
2022-01-03,99.93,63.86
2022-02-21,107.45,67.88
2022-01-19,104.05,65.41
2022-02-04,108.02,68.22
2022-01-04,99.57,63.26
2022-02-22,109.00,68.21
2022-01-20,104.90,65.74
2022-02-07,107.72,68.15
2022-01-05,97.10,62.19
2022-02-23,107.58,68.40
2022-01-21,104.70,65.75
2022-02-08,108.23,68.20
2022-01-06,97.85,62.00
2022-01-24,104.08,65.40
2022-02-24,107.48,67.30
2022-02-09,108.23,67.90
2022-01-07,98.70,62.65
2022-01-25,106.33,67.20
2022-02-25,108.90,67.25
2022-02-10,109.10,68.59
2022-01-10,98.43,62.10
2022-01-26,107.39,67.15
2022-03-02,111.10,67.90
2022-02-11,109.31,68.90
2022-01-11,100.10,62.65
2022-01-27,108.20,68.00
2022-03-03,111.02,68.59
2022-02-14,109.52,68.50
2022-01-12,101.91,63.50
2022-01-28,107.58,68.25
2022-03-04,110.40,67.95
2022-02-15,110.60,69.10
2022-01-13,101.55,63.70
2022-01-31,107.98,68.95
2022-03-07,107.11,66.30
2022-02-16,110.77,69.60
2022-01-14,103.07,64.34
2022-02-01,109.15,69.10
2022-03-08,107.29,66.45
2022-02-17,109.10,68.75
2022-01-17,102.58,65.00
2022-02-02,107.69,68.35
2022-03-09,109.78,68.85
2022-04-11,112.57,73.45
2022-03-25,114.75,74.45
2022-03-10,109.40,68.75
2022-04-12,111.77,73.15
2022-04-29,103.40,70.65
2022-03-28,114.51,74.05
2022-03-11,107.70,68.00
2022-04-13,112.52,73.55
2022-05-02,102.72,69.30
2022-03-29,115.75,74.65
2022-03-14,106.04,67.85
2022-04-14,111.65,73.70
2022-05-03,102.72,69.80
2022-03-30,115.90,74.10
2022-03-15,104.90,68.25
2022-04-18,111.46,74.35
2022-05-04,104.38,70.55
2022-03-31,115.60,74.10
2022-03-16,107.14,68.86
2022-04-19,110.92,73.35
2022-05-05,101.50,68.80
2022-04-01,117.20,75.60
2022-03-17,108.83,70.30
2022-04-20,110.05,73.50
2022-04-04,116.80,74.79
2022-05-06,101.23,69.10
2022-03-18,110.73,71.10
2022-04-22,106.75,72.15
2022-04-05,114.51,73.50
2022-05-09,99.68,68.45
2022-03-21,111.94,72.10
2022-04-06,113.87,73.50
2022-04-25,106.76,72.73
2022-05-10,99.24,68.15
2022-03-22,113.10,73.30
2022-05-11,100.64,68.65
2022-04-07,114.65,73.60
2022-04-26,104.28,71.70
2022-03-23,112.90,73.05
2022-04-08,113.98,74.00
2022-04-27,105.52,71.76
2022-05-12,102.04,69.40
2022-03-24,114.74,74.05
2022-04-28,105.86,71.85
2022-05-13,103.29,70.00
2022-06-15,99.38,69.04
2022-05-31,107.18,73.31
2022-05-16,104.40,70.50
2022-06-17,96.21,68.06
2022-06-01,107.47,73.30
2022-05-17,104.90,71.90
2022-06-20,96.29,68.41
2022-06-02,108.43,74.00
2022-05-18,102.21,70.25
2022-06-21,96.40,68.10
2022-06-03,107.48,73.10
2022-05-19,103.08,71.40
2022-06-22,96.03,68.00
2022-06-06,106.42,72.25
2022-05-20,104.66,71.95
2022-06-23,94.66,67.20
2022-06-07,106.15,71.85
2022-05-23,106.76,73.10
2022-06-24,95.47,67.14
2022-06-08,104.60,71.15
2022-05-24,106.64,74.15
2022-06-27,97.35,68.50
2022-06-09,103.68,71.00
2022-05-25,106.66,74.06
2022-06-28,97.05,68.44
2022-06-10,101.82,69.50
2022-05-26,108.02,73.41
2022-06-29,96.00,67.65
2022-06-13,99.12,68.25
2022-05-27,107.90,73.50
2022-06-30,95.00,67.33
2022-06-14,98.36,68.15
2022-05-30,106.92,73.00
2022-11-09,109.75,72.65
2022-10-20,112.90,74.95
2022-11-28,105.15,71.63
2022-12-01,107.06,73.03
2022-12-02,107.95,73.53
2022-12-05,105.63,72.49
2022-11-29,107.29,73.06
2022-12-06,106.74,72.60
2022-11-16,106.04,71.15
2022-10-10,112.08,73.80
2022-11-04,114.00,75.00
2022-12-09,103.90,71.40
2022-07-01,95.63,67.52
2022-07-04,95.20,66.81
2022-07-05,94.80,66.44
2022-07-06,95.42,66.31
2022-07-07,97.38,67.38
2022-07-08,96.88,67.18
2022-07-11,94.80,65.87
2022-07-12,94.90,66.00
2022-07-13,94.51,65.90
2022-07-14,92.55,65.05
2022-07-15,93.27,65.45
2022-07-18,93.37,65.90
2022-07-19,94.70,66.25
2022-07-20,94.95,66.30
2022-07-21,95.35,66.75
2022-07-22,95.42,66.75
2022-07-25,96.75,67.40
2022-07-26,96.15,67.45
2022-07-27,97.83,67.90
2022-07-28,99.10,68.35
2022-07-29,99.30,68.90
2022-08-01,98.56,68.55
2022-08-02,99.53,69.10
2022-08-03,100.20,69.50
2022-08-04,102.48,70.26
2022-08-05,102.74,70.85
2022-08-08,104.80,72.00
2022-08-09,105.05,72.25
2022-08-10,106.56,72.55
2022-08-11,105.88,72.85
2022-08-12,108.64,73.60
2022-08-15,108.97,74.01
2022-08-16,109.76,74.15
2022-08-17,109.99,75.25
2022-08-18,109.94,74.70
2022-08-19,107.53,73.25
2022-08-22,106.73,73.15
2022-08-23,109.10,73.90
2022-08-24,109.18,73.30
2022-08-25,109.60,73.20
2022-08-26,108.36,72.55
2022-08-29,108.40,73.15
2022-08-30,106.40,71.80
2022-08-31,105.83,71.90
2022-09-01,106.59,72.05
2022-09-02,107.09,72.15
2022-09-05,108.45,72.55
2022-09-06,105.95,71.35
2022-09-08,106.18,71.17
2022-09-09,108.40,72.80
2022-09-12,109.55,72.70
2022-09-13,106.98,71.30
2022-09-14,106.75,70.85
2022-09-15,106.11,70.70
2022-09-16,105.60,70.45
2022-09-19,108.22,71.90
2022-09-20,108.85,72.40
2022-09-21,108.16,72.10
2022-09-22,110.13,73.50
2022-09-23,107.84,72.12
2022-09-26,105.13,70.10
2022-09-27,104.68,69.45
2022-09-28,104.82,69.25
2022-09-29,103.80,68.90
2022-09-30,106.46,70.65
2022-10-03,112.40,74.02
2022-10-04,112.35,73.40
2022-10-05,113.32,73.80
2022-10-06,113.47,74.09
2022-10-07,112.78,73.65
2022-12-08,103.57,71.00
2022-11-23,105.24,71.35
2022-10-28,113.00,73.00
2022-11-25,105.07,71.75
2022-12-12,101.80,69.95
2022-10-21,116.43,76.06
2022-12-13,100.30,68.80
2022-10-11,110.89,72.60
2022-12-14,100.70,69.25
2022-11-07,111.22,73.20
2022-12-15,100.50,68.80
2022-11-30,108.58,73.50
2022-10-31,112.15,73.00
2022-12-16,99.40,68.60
2022-10-13,110.26,72.35
2022-12-19,101.37,69.10
2022-12-20,103.55,70.55
2022-10-24,112.14,74.60
2022-12-21,103.87,71.50
2022-12-22,103.93,71.10
2022-11-14,109.24,72.80
2022-11-10,106.10,70.60
2022-12-23,106.00,72.50
2022-12-26,105.15,71.55
2022-12-27,104.90,71.94
2022-12-28,106.80,72.50
2022-10-14,108.22,71.10
2022-11-24,108.20,72.95
2022-10-25,110.48,73.16
2022-12-29,105.95,72.69
2022-11-21,106.08,72.00
2022-10-17,109.90,72.10
2022-11-01,112.81,73.90
2022-11-08,112.30,73.85
2022-11-22,105.07,71.22
2022-11-18,104.85,69.95
2022-10-18,111.94,73.40
2022-10-26,108.78,71.75
2022-11-17,105.69,70.40
2022-11-11,108.55,72.85
2022-11-03,113.10,73.90
2022-10-19,112.35,73.75
2022-12-07,105.59,72.20
2022-10-27,110.00,73.00
2023-01-02,102.63,71.20
2023-01-03,100.48,69.50
2023-01-04,101.92,70.30
2023-01-05,104.27,71.50
2023-01-06,105.50,72.15
2023-01-09,105.35,73.08
2023-01-10,107.18,74.10
2023-01-11,109.10,74.75
2023-01-12,108.26,74.60
2023-01-13,107.35,74.05
2023-01-16,105.47,73.65
2023-01-17,107.80,75.10
2023-01-18,108.33,75.35
2023-01-19,109.11,75.85
2023-01-20,108.45,75.95
2023-01-23,107.90,75.30
2023-01-24,109.43,75.95
2023-01-25,110.65,76.80
2023-01-26,110.42,77.13
2023-01-27,108.40,75.90
2023-01-30,108.70,75.80
2023-01-31,109.84,76.60
2023-02-01,108.40,75.23
2023-02-02,106.30,73.90
2023-02-03,104.87,73.18
2023-02-06,105.25,73.32
2023-02-07,104.10,72.75
2023-02-08,106.34,73.70
2023-02-09,104.44,72.40
2023-02-10,104.75,73.00
2023-02-13,105.47,73.05
2023-02-14,104.43,72.68
2023-02-15,106.05,73.35
2023-02-16,106.50,73.50
2023-02-17,105.56,73.25
2023-02-22,103.60,71.85
2023-02-23,104.15,72.09
2023-02-24,102.38,71.50
2023-02-27,102.29,71.56
2023-02-28,101.15,70.85
2023-03-01,101.20,71.10
2023-03-02,99.94,70.75
2023-03-03,100.42,71.05
2023-03-06,101.47,71.40
2023-03-07,100.90,71.00
2023-03-08,103.22,72.05
2023-03-09,101.56,71.15
2023-03-10,100.21,70.25
2023-03-13,99.78,69.98
2023-03-14,99.58,70.10
2023-03-15,99.39,69.80
2023-03-16,100.00,70.00
2023-03-17,98.85,68.80
2023-03-20,97.70,68.10
2023-03-21,97.93,67.80
2023-03-22,97.03,67.70
2023-03-23,94.58,66.65
2023-03-24,95.86,67.40
2023-03-27,96.54,68.09
2023-03-28,98.03,68.88
2023-03-29,98.55,69.02
2023-03-30,100.47,70.19
2023-03-31,98.49,69.66
2023-04-03,98.30,69.42
2023-04-04,98.51,69.75
2023-04-05,97.63,69.17
2023-04-06,97.59,69.15
2023-04-10,98.66,69.93
2023-04-11,102.91,72.10
2023-04-12,103.35,72.94
2023-04-13,102.93,72.88
2023-04-14,103.04,72.80
2023-04-17,102.71,72.80
2023-04-18,102.70,72.98
2023-04-19,100.48,71.94
2023-04-20,101.00,72.16
2023-04-24,100.62,71.78
2023-04-25,99.92,71.19
2023-04-26,99.01,70.75
2023-04-27,99.53,71.20
2023-04-28,100.90,72.17
2023-05-02,98.49,70.87
2023-05-03,98.60,70.85
2023-05-04,98.95,70.80
2023-05-05,101.91,72.37
2023-05-08,102.49,72.72
2023-05-09,103.80,73.15
2023-05-10,103.97,73.22
2023-05-11,104.82,73.57
2023-05-12,105.05,73.51
2023-05-15,105.47,73.73
2023-05-16,104.63,73.14
2023-05-17,106.01,73.65
2023-05-18,106.75,74.14
2023-05-19,107.16,74.55
2023-05-22,106.55,74.57
2023-05-23,106.44,74.42
2023-05-24,105.27,73.79
2023-05-25,106.55,74.19
2023-05-26,107.51,74.65
2023-05-29,106.77,74.61
2023-05-30,105.38,73.66
2023-05-31,104.84,73.23
2023-06-01,107.20,73.80
2023-06-02,109.02,75.09
2023-06-05,109.14,75.21
2023-06-06,111.07,76.30
2023-06-07,111.78,76.78
2023-06-09,113.21,78.15
2023-06-12,113.64,78.45
2023-06-13,112.94,77.91
2023-06-14,115.11,79.42
2023-06-15,115.40,79.34
2023-06-16,114.90,79.00
2023-06-19,116.13,79.87
2023-06-20,115.82,80.03
2023-06-21,116.27,80.50
2023-06-22,115.26,79.35
2023-06-23,115.31,79.69
2023-06-26,114.42,79.30
2023-06-27,113.77,79.00
2023-06-28,113.03,78.42
2023-06-29,114.91,79.65
2023-06-30,114.17,79.30
2023-07-03,115.94,79.95
2023-07-04,115.24,79.81
2023-07-05,115.84,79.85
2023-07-06,113.64,78.98
2023-07-07,115.19,79.65
2023-07-10,114.10,79.21
2023-07-11,113.80,78.84
2023-07-12,113.83,79.20
2023-07-13,115.58,80.26
2023-07-14,113.96,79.45
2023-07-17,114.71,79.58
2023-07-18,113.95,79.30
2023-07-19,113.75,78.88
2023-07-20,114.34,79.03
2023-07-21,116.40,79.84
2023-07-24,117.57,80.64
2023-07-25,117.98,81.41
2023-07-26,118.74,81.90
2023-07-27,116.04,80.26
2023-07-28,116.52,80.46
2023-07-31,117.95,81.63
2023-08-01,117.52,81.36
2023-08-02,117.01,81.34
2023-08-03,116.71,81.38
2023-08-04,115.66,80.79
2023-08-07,115.61,80.50
2023-08-08,115.27,80.02
2023-08-09,114.70,79.40
2023-08-10,114.51,79.45
2023-08-11,114.25,79.58
2023-08-14,113.31,79.36
2023-08-15,112.37,78.93
2023-08-16,111.87,79.08
2023-08-17,111.36,78.65
2023-08-18,111.70,78.76
2023-08-21,110.79,78.34
2023-08-22,112.41,79.38
2023-08-23,114.30,80.18
2023-08-24,113.30,79.66
2023-08-25,112.15,79.24
2023-08-28,113.50,79.96
2023-08-29,114.62,80.81
2023-08-30,113.90,80.58
2023-08-31,112.31,79.40
2023-09-01,114.05,80.69
2023-09-04,114.14,80.66
2023-09-05,113.62,80.32
2023-09-06,112.25,79.61
2023-09-08,111.66,79.19
2023-09-11,113.48,80.31
2023-09-12,114.22,81.03
2023-09-13,114.46,80.93
2023-09-14,115.59,81.76
2023-09-15,114.92,81.94
2023-09-18,114.65,81.45
2023-09-19,114.10,81.38
2023-09-20,115.03,82.05
2023-09-21,112.60,80.95
2023-09-22,112.61,80.66
2023-09-25,112.57,80.65
2023-09-26,110.65,79.64
2023-09-27,110.70,79.38
2023-09-28,112.18,80.10
2023-09-29,113.15,80.33
2023-10-02,111.49,79.83
2023-10-03,109.82,79.00
2023-10-04,110.18,78.67
2023-10-05,109.75,78.34
2023-10-06,110.66,78.71
2023-10-09,111.74,79.15
2023-10-10,113.13,79.88
2023-10-11,113.50,80.06
2023-10-13,112.06,79.30
2023-10-16,112.94,79.83
2023-10-17,112.34,79.28
2023-10-18,110.37,78.25
2023-10-19,110.60,78.40
2023-10-20,109.50,77.93
2023-10-23,109.35,77.76
2023-10-24,110.24,78.20
2023-10-25,109.35,77.65
2023-10-26,111.40,78.79
2023-10-27,109.85,78.05
2023-10-30,108.96,77.65
2023-10-31,109.62,77.83
2023-11-01,111.56,79.20
2023-11-03,114.75,81.06
2023-11-06,114.81,81.72
2023-11-07,115.67,82.15
2023-11-08,115.52,82.08
2023-11-09,115.18,81.90
2023-11-10,117.01,82.98
2023-11-13,116.82,83.00
2023-11-14,119.61,84.75
2023-11-16,120.96,85.85
2023-11-17,121.10,85.75
2023-11-20,122.25,85.92
2023-11-21,121.76,85.85
2023-11-22,122.15,85.85
2023-11-23,122.83,85.90
2023-11-24,121.66,85.15
2023-11-27,121.94,85.35
2023-11-28,122.72,85.90
2023-11-29,122.27,85.60
2023-11-30,123.57,86.10
2023-12-01,124.24,86.35
2023-12-04,122.96,85.98
2023-12-05,123.01,86.32
2023-12-06,121.72,85.70
2023-12-07,122.29,85.60
2023-12-08,123.31,86.42
2023-12-11,123.11,86.60
2023-12-12,122.60,86.50
2023-12-13,126.12,88.00
2023-12-14,126.88,88.65
2023-12-15,126.28,88.65
2023-12-18,127.27,89.05
2023-12-19,128.05,89.80
2023-12-20,126.82,89.50
2023-12-21,128.35,90.30
2023-12-22,128.94,90.90
2023-12-26,129.65,91.40
2023-12-27,130.46,91.80
2023-12-28,130.39,92.20
2024-01-02,128.76,91.44
2024-01-03,128.99,91.65
2024-01-04,127.35,90.70
2024-01-05,128.25,91.00
2024-01-08,128.57,91.10
2024-01-09,127.59,90.50
2024-01-10,126.94,90.00
2024-01-11,126.81,89.80
2024-01-12,127.23,89.85
2024-01-15,127.82,90.20
2024-01-16,125.49,88.90
2024-01-17,124.53,88.60
2024-01-18,123.56,88.09
2024-01-19,123.84,88.15
2024-01-22,122.70,87.70
2024-01-23,124.55,88.84
2024-01-24,123.97,89.25
2024-01-25,124.46,89.30
2024-01-26,125.08,89.79
2024-01-29,124.75,89.25
2024-01-30,123.57,88.65
2024-01-31,123.95,88.90
2024-02-01,124.76,89.35
2024-02-02,123.32,88.75
2024-02-05,123.86,89.05
2024-02-06,126.88,90.30
2024-02-07,126.05,90.60
2024-02-08,124.51,89.27
2024-02-09,124.13,88.73
2024-02-14,123.23,88.20
2024-02-15,124.06,89.10
2024-02-16,124.88,89.80
2024-02-19,125.14,90.10
2024-02-20,126.19,90.26
2024-02-21,126.18,89.90
2024-02-22,126.30,90.15
2024-02-23,125.61,89.50
2024-02-26,125.77,89.52
2024-02-27,127.84,90.65
2024-02-28,126.26,90.05
2024-02-29,125.25,89.70
2024-03-01,125.24,89.70
2024-03-04,124.50,89.00
2024-03-05,124.40,88.83
2024-03-06,125.15,88.90
2024-03-07,124.67,88.95
2024-03-08,123.26,88.21
2024-03-11,122.32,87.50
2024-03-12,123.81,88.25
2024-03-13,124.37,87.90
2024-03-14,123.82,87.27
2024-03-15,122.87,86.90
2024-03-18,123.05,87.25
2024-03-19,123.73,87.70
2024-03-20,125.45,88.80
2024-03-21,124.37,88.55
2024-03-22,123.21,88.15
2024-03-25,123.19,87.90
2024-03-26,123.24,87.50
2024-03-27,124.05,88.40
2024-03-28,124.33,88.60
2024-04-01,123.29,88.40
2024-04-02,123.74,88.80
2024-04-03,123.54,88.85
2024-04-04,123.68,89.25
2024-04-05,122.90,88.95
2024-04-08,125.13,90.25
2024-04-09,126.21,91.00
2024-04-10,124.15,89.75
2024-04-11,123.72,89.37
2024-04-12,122.12,88.10
2024-04-15,121.55,88.76
2024-04-16,120.85,87.71
2024-04-17,120.54,87.99
2024-04-18,120.48,87.91
2024-04-19,121.52,88.90
2024-04-22,121.80,89.20
2024-04-23,121.41,88.00
2024-04-24,120.97,87.70
2024-04-25,120.91,87.00
2024-04-26,122.83,88.02
2024-04-29,123.77,88.65
2024-04-30,122.38,88.32
2024-05-02,123.35,89.70
2024-05-03,124.95,91.10
2024-05-06,124.71,90.70
2024-05-07,125.40,90.45
2024-05-08,125.75,90.85
2024-05-09,124.52,90.05
2024-05-10,124.01,89.31
2024-05-13,124.56,90.00
2024-05-14,124.81,90.40
2024-05-15,124.23,90.60
2024-05-16,124.55,90.60
2024-05-17,124.37,90.50
2024-05-20,124.12,90.60
2024-05-21,123.70,90.75
2024-05-22,122.07,89.97
2024-05-23,121.10,89.25
2024-05-24,120.64,88.95
2024-05-27,120.87,89.13
2024-05-28,120.18,88.50
2024-05-29,119.12,88.13
2024-05-31,118.66,87.62
2024-06-03,118.44,87.31
2024-06-04,118.16,87.20
2024-06-05,117.90,86.85
2024-06-06,119.40,87.60
2024-06-07,117.13,86.30
2024-06-10,117.35,85.90
2024-06-11,118.00,86.70
2024-06-12,116.46,85.70
2024-06-13,116.18,85.70
2024-06-14,116.22,85.55
2024-06-17,115.74,85.40
2024-06-18,116.12,85.80
2024-06-19,116.76,86.25
2024-06-20,117.12,87.00
2024-06-21,118.02,87.64
2024-06-24,119.08,88.35
2024-06-25,118.90,88.20
2024-06-26,119.14,88.30
2024-06-27,120.80,89.05
2024-06-28,120.38,88.93
2024-07-01,121.08,89.15
2024-07-02,121.33,89.55
2024-07-03,122.14,89.95
2024-07-04,122.62,90.40
2024-07-05,122.70,90.21
2024-07-08,122.94,90.30
2024-07-09,123.54,90.55
2024-07-10,123.50,90.72
2024-07-11,124.57,91.65
2024-07-12,125.20,92.20
2024-07-15,125.72,92.15
2024-07-16,125.37,92.70
2024-07-17,125.82,93.15
2024-07-18,124.02,91.92
2024-07-19,124.00,91.33
2024-07-22,124.26,92.25
2024-07-23,122.95,90.86
2024-07-24,122.86,90.51
2024-07-25,122.41,90.22
2024-07-26,123.98,90.50
2024-07-29,123.46,90.65
2024-07-30,122.71,90.10
2024-07-31,124.04,90.90
2024-08-01,123.74,90.85
2024-08-02,122.38,89.52
2024-08-05,121.77,89.60
2024-08-06,122.74,89.90
2024-08-07,124.04,90.36
2024-08-08,125.30,90.95
2024-08-09,127.13,92.10
2024-08-12,127.65,92.55
2024-08-13,128.78,92.90
2024-08-14,129.68,94.55
2024-08-15,130.49,94.40
2024-08-16,130.29,94.20
2024-08-19,131.98,95.55
2024-08-20,132.44,96.10
2024-08-21,132.74,96.65
2024-08-22,131.57,95.61
2024-08-23,131.98,96.45
2024-08-26,133.21,96.83
2024-08-27,133.01,96.34
2024-08-28,133.62,96.74
2024-08-29,132.17,96.56
2024-08-30,132.60,96.60
2024-09-02,131.10,96.70
2024-09-03,130.63,96.45
2024-09-04,132.38,97.88
2024-09-05,132.89,97.70
2024-09-06,130.96,97.30
2024-09-09,131.04,97.01
2024-09-10,130.63,97.02
2024-09-11,131.21,96.75
2024-09-12,130.31,96.63
2024-09-13,131.21,97.13
2024-09-16,131.38,97.55
2024-09-17,131.33,97.18
2024-09-18,130.05,96.27
2024-09-19,129.37,96.05
2024-09-20,127.63,94.71
2024-09-23,127.00,94.64
2024-09-24,128.68,96.08
2024-09-25,127.92,95.45
2024-09-26,129.33,96.30
2024-09-27,129.04,96.39
2024-09-30,128.43,96.15
2024-10-01,128.86,96.59
2024-10-02,129.85,97.50
2024-10-03,128.03,96.21
2024-10-04,128.20,96.04
2024-10-07,128.45,96.22
2024-10-08,127.93,95.25
2024-10-09,126.35,94.37
2024-10-10,126.80,94.35
2024-10-11,126.47,93.93
2024-10-14,127.50,94.65
2024-10-15,127.40,94.24
2024-10-16,128.07,94.77
2024-10-17,127.31,94.57
2024-10-18,127.00,94.75
2024-10-21,126.75,94.64
2024-10-22,126.50,94.27
2024-10-23,125.81,93.80
2024-10-24,126.60,94.20
2024-10-25,126.35,94.45
2024-10-28,127.84,95.20
2024-10-29,127.25,94.42
2024-10-30,127.23,94.80
2024-10-31,126.26,94.49
2024-11-01,124.60,93.82
2024-11-04,127.15,94.75
2024-11-05,127.15,94.72
2024-11-06,126.30,95.20
2024-11-07,126.06,94.95
2024-11-08,124.50,93.95
2024-11-11,124.35,94.25
2024-11-12,124.20,93.16
2024-11-13,124.33,93.05
2024-11-14,124.27,93.70
2024-11-18,124.41,93.91
2024-11-19,124.88,94.49
2024-11-21,123.60,93.55
2024-11-22,126.02,94.95
2024-11-25,125.67,95.17
2024-11-26,126.65,95.42
2024-11-27,124.10,94.75
2024-11-28,121.30,93.00
2024-11-29,122.32,94.37
2024-12-02,121.88,94.11
2024-12-03,122.68,94.81
2024-12-04,122.75,94.72
2024-12-05,124.51,95.61
2024-12-06,122.46,94.32
2024-12-09,123.76,95.67
2024-12-10,124.78,96.35
2024-12-11,126.61,96.70
2024-12-12,122.72,94.71
2024-12-13,121.63,93.29
2024-12-16,120.22,93.07
2024-12-17,121.60,93.55
2024-12-18,118.20,90.70
2024-12-19,117.98,91.10
2024-12-20,119.05,91.22
2024-12-23,117.70,90.15
2024-12-26,117.96,90.35
2024-12-27,117.26,89.80
2024-12-30,117.27,90.07
2025-01-02,117.10,89.48
2025-01-03,115.45,88.21
2025-01-06,117.07,89.01
2025-01-07,118.15,89.53
2025-01-08,116.67,88.22
2025-01-09,116.82,88.15
2025-01-10,115.96,87.62
2025-01-13,116.02,87.45
2025-01-14,116.46,87.99
2025-01-15,119.57,89.77
2025-01-16,118.33,88.62
2025-01-17,119.25,89.44
2025-01-20,119.81,89.88
2025-01-21,120.30,90.22
2025-01-22,119.92,90.05
2025-01-23,119.49,90.00
2025-01-24,119.45,89.82
2025-01-27,121.87,91.81
2025-01-28,121.03,91.75
2025-01-29,120.17,91.25
2025-01-30,123.95,93.09
2025-01-31,123.00,92.98
2025-02-03,122.64,93.12
2025-02-04,121.91,92.36
2025-02-05,122.37,92.49
2025-02-06,123.16,92.80
2025-02-07,121.48,91.75
2025-02-10,122.55,92.75
2025-02-11,123.45,93.45
2025-02-12,121.25,91.80
2025-02-13,121.68,92.03
2025-02-14,124.87,93.94
2025-02-17,125.25,94.25
2025-02-18,125.30,94.52
2025-02-19,124.01,93.60
2025-02-20,124.47,93.35
2025-02-21,123.94,93.08
2025-02-24,122.49,92.38
2025-02-25,122.83,92.62
2025-02-26,121.82,92.00
2025-02-27,121.75,91.65
2025-02-28,120.01,91.84
2025-03-05,120.05,91.03
2025-03-06,120.40,91.25
2025-03-07,121.95,92.47
2025-03-10,121.30,91.80
2025-03-11,120.55,90.78
2025-03-12,120.74,90.94
2025-03-13,122.51,92.28
2025-03-14,125.75,94.70
2025-03-17,127.76,95.61
2025-03-18,128.26,96.20
2025-03-19,129.60,96.21
2025-03-20,128.85,96.77
2025-03-21,128.98,97.05
2025-03-24,128.19,96.36
2025-03-25,129.04,96.69
2025-03-26,129.24,97.06
2025-03-27,129.78,97.41
2025-03-28,128.69,96.68
2025-03-31,127.30,95.22
2025-04-01,128.04,96.09
2025-04-02,128.90,95.80
2025-04-03,128.10,95.97
2025-04-04,124.05,93.79
2025-04-07,122.73,92.14
2025-04-08,121.04,91.30
2025-04-09,124.55,93.69
2025-04-10,123.41,92.47
2025-04-11,124.72,93.50
2025-04-14,126.41,94.78
2025-04-15,126.20,94.53
2025-04-16,125.28,94.35
2025-04-17,126.53,94.83
2025-04-22,127.33,95.14
2025-04-23,129.08,96.84
2025-04-24,131.38,98.06
2025-04-25,131.49,98.60
2025-04-28,131.65,98.46
2025-04-29,131.86,98.48
2025-04-30,131.63,99.00
2025-05-02,131.85,98.54
2025-05-05,130.34,97.37
2025-05-06,130.38,97.54
2025-05-07,130.21,97.60
2025-05-08,133.04,99.10
2025-05-09,133.24,99.54
2025-05-12,133.39,99.30
2025-05-13,135.61,100.62
2025-05-14,135.19,100.64
2025-05-15,136.07,101.62
2025-05-16,136.11,101.38
2025-05-19,136.42,101.51
2025-05-20,136.84,102.33
2025-05-21,134.59,101.04
2025-05-22,134.05,100.27
2025-05-23,134.47,100.84
2025-05-26,135.01,101.16
2025-05-27,136.46,102.00
2025-05-28,135.71,101.53
2025-05-29,135.36,101.44
2025-05-30,133.99,100.38
2025-06-02,133.60,99.89
2025-06-03,134.40,100.69
2025-06-04,133.81,100.02
2025-06-05,133.25,99.57
2025-06-06,133.06,99.39
2025-06-09,132.73,99.49
2025-06-10,133.35,99.90
2025-06-11,133.97,100.30
2025-06-12,134.66,100.93
2025-06-13,133.99,100.74
2025-06-16,136.07,101.82
2025-06-17,135.52,102.13
2025-06-18,135.42,101.85
2025-06-20,133.90,100.96
2025-06-23,133.47,100.65
2025-06-24,134.07,100.57
2025-06-25,132.55,99.66
2025-06-26,133.96,100.91
2025-06-27,133.79,100.38
2025-06-30,135.85,101.93
2025-07-01,136.52,102.55
2025-07-02,135.91,102.56
2025-07-03,137.92,104.23
2025-07-04,138.13,104.25
2025-07-07,136.45,102.96
2025-07-08,136.15,103.01
2025-07-09,134.11,101.55
2025-07-10,133.61,101.46
2025-07-11,133.50,101.10
2025-07-14,132.09,100.45
2025-07-15,132.37,100.39
2025-07-16,132.40,100.28
2025-07-17,132.47,100.06
2025-07-18,130.30,98.84
2025-07-21,131.20,99.54
2025-07-22,131.15,99.27
2025-07-23,132.39,100.58
2025-07-24,130.78,99.57
2025-07-25,130.45,99.67
2025-07-28,129.25,98.57
2025-07-29,129.50,99.05
2025-07-30,130.93,99.71
2025-07-31,129.88,99.13
2025-08-01,129.57,98.62
2025-08-04,130.00,98.74
2025-08-05,130.16,98.76
2025-08-06,131.49,99.48
2025-08-07,133.52,100.34
2025-08-08,132.91,100.12
2025-08-11,132.50,100.24
2025-08-12,135.10,101.52
2025-08-13,133.66,100.40
2025-08-14,133.36,100.36
2025-08-15,133.56,100.40
2025-08-18,134.33,101.16
2025-08-19,131.17,99.51
2025-08-20,131.80,99.86
2025-08-21,131.63,99.40
2025-08-22,135.15,101.75
2025-08-25,135.11,101.93
2025-08-26,134.94,102.19
2025-08-27,136.20,103.07
2025-08-28,138.31,103.97
2025-08-29,138.50,104.56
2025-09-01,138.29,103.91
2025-09-02,137.37,103.30
2025-09-03,136.87,102.72
2025-09-04,138.01,103.95
2025-09-05,139.65,104.62
2025-09-08,138.80,104.61
2025-09-09,138.60,104.73
2025-09-10,139.16,104.98
2025-09-11,139.96,105.28
2025-09-12,139.21,104.75
2025-09-15,140.45,105.13
2025-09-16,141.11,105.16
2025-09-17,142.60,106.95
2025-09-18,142.53,106.62
2025-09-19,142.79,106.66
2025-09-22,141.99,106.53
2025-09-23,143.33,107.61
2025-09-24,143.42,107.57
2025-09-25,142.28,106.45
2025-09-26,142.44,106.76
2025-09-29,143.45,107.03
2025-09-30,143.24,107.49
2025-10-01,142.52,106.82
2025-10-02,140.99,106.17
2025-10-03,141.22,106.28
2025-10-06,140.67,106.01
2025-10-07,138.45,104.49
2025-10-08,139.20,104.77
2025-10-09,138.75,104.26
2025-10-10,137.81,103.62
2025-10-13,138.75,104.26
2025-10-14,138.74,104.48
2025-10-15,139.49,104.72
2025-10-16,139.16,104.32
2025-10-17,140.40,105.05
2025-10-20,141.27,106.11
2025-10-21,141.17,105.42
2025-10-22,141.88,105.96
2025-10-23,142.68,106.44
2025-10-24,143.00,106.61
